date,label,spp,res,minutes,status
2026-09-28 11:55,eden_aerial,64,2400,1.35,ok
2026-09-28 11:57,eden_greystone,64,2400,1.63,ok
2026-09-28 12:01,eden_map6k,64,6000,4.42,ok
2026-09-28 12:01,draft_rothschild_estate,16,2000,0.02,fail1
2026-09-28 12:01,draft_rothschild_estate,16,2000,0.02,fail2
2026-09-28 12:01,draft_league_club,16,2000,0.0,fail1
2026-09-28 12:01,draft_league_club,16,2000,0.02,fail2
2026-09-28 12:01,draft_elite_academy,16,2000,0.0,fail1
2026-09-28 12:01,draft_elite_academy,16,2000,0.02,fail2
2026-09-28 12:03,draft_rothschild_estate,16,2000,0.2,ok
2026-09-28 12:03,draft_league_club,16,2000,0.15,ok
2026-09-28 12:03,draft_elite_academy,16,2000,0.15,ok
2026-09-28 12:04,cut_rothschild_estate,16,800,0.05,ok
2026-09-28 12:04,cut_league_club,16,800,0.08,ok
2026-09-28 12:04,cut_elite_academy,16,800,0.08,ok
2026-09-28 12:04,cut_kelly_residence,16,640,0.07,ok
2026-09-28 12:04,cut_pm_residence,16,640,0.07,ok
2026-09-28 12:04,upper_2k,16,2000,0.33,fail1
2026-09-28 12:05,upper_2k,16,2000,0.3,fail2
2026-09-28 12:05,upper_2k,16,2000,0.33,ok
2026-09-28 13:13,v9A_cut_rothschild_estate,16,1443,0.13,ok
2026-09-28 13:13,v9A_cut_league_club,16,1386,0.08,ok
2026-09-28 13:13,v9A_cut_elite_academy,16,1350,0.1,ok
2026-09-28 13:14,v9A_upper_2k,16,2000,0.72,ok
2026-09-28 13:14,v9B_cut_rothschild_estate,16,1443,0.12,ok
2026-09-28 13:14,v9B_cut_league_club,16,1386,0.1,ok
2026-09-28 13:14,v9B_cut_elite_academy,16,1350,0.1,ok
2026-09-28 13:15,v9B_upper_2k,16,2000,0.65,ok
2026-09-28 13:16,v9A_upper_2k,16,2000,0.67,fail1
2026-09-28 13:17,v9A_upper_2k,16,2000,0.68,fail2
2026-09-28 13:17,v9B_upper_2k,16,2000,0.62,fail1
2026-09-28 13:18,v9B_upper_2k,16,2000,0.65,fail2
2026-09-28 13:19,v9A_upper_2k,16,2000,0.82,ok
2026-09-28 13:20,v9B_upper_2k,16,2000,0.78,ok
2026-09-28 13:25,v10_cut_rothschild_estate,16,1443,0.1,ok
2026-09-28 13:25,v10_cut_league_club,16,1110,0.08,ok
2026-09-28 13:25,v10_cut_elite_academy,16,1350,0.08,ok
2026-09-28 13:26,v10_upper_2k,16,2000,0.37,ok
2026-09-28 13:34,v11_cut_rothschild_estate,16,1443,0.13,ok
2026-09-28 13:34,v11_cut_league_club,16,1110,0.08,ok
2026-09-28 13:34,v11_cut_elite_academy,16,1350,0.12,ok
2026-09-28 13:34,v11_upper_2k,16,2000,0.28,ok
2026-09-28,v12_cut_rothschild_estate,draft,1443,16,0,0
2026-09-28,v12_cut_league_club,draft,1386,16,0,0
2026-09-28,v12_cut_elite_academy,draft,1350,16,0,0
2026-09-28,v12_upper,draft,2000,16,1,0
2026-09-28,mage_tower,draft,2000,16,0,0
2026-09-28,mage_tower,draft,1400,16,0,0
2026-09-28,mage_tower,final,2400,64,1,0
2026-09-28,mage_tower,patch,,,0,0
2026-09-28,mage_tower,patch,64,1,0,0
2026-09-28,mage_tower,patch,,,1,0
2026-09-28,v13_cut_rothschild_estate,draft,1446,16,0,0
2026-09-28,v13_cut_league_club,draft,1239,16,0,0
2026-09-28,v13_cut_elite_academy,draft,1467,16,0,0
2026-09-28,v13_upper,draft,2000,16,1,0
2026-09-28,merc_guild,draft,2000,16,0,0
2026-09-28,merc_guild,draft,1400,16,0,0
2026-09-28,merc_guild,final,2400,64,1,0
2026-09-28,merc_guild,patch,,,1,0
2026-09-28,v14_grey,draft,512,8,1,0
2026-09-28,v14_blend_rothschild_estate,draft,64,1,0,0
2026-09-28,v14_blend_league_club,draft,64,1,0,0
2026-09-28,v14_blend_elite_academy,draft,64,1,0,0
2026-09-28,v14_blend_kelly_residence,draft,64,1,0,0
2026-09-28,v14_blend_pm_residence,draft,64,1,0,0
2026-09-28,v14_blend_eden,draft,64,1,2,0
2026-09-28,v14_oblique,draft,2000,16,1,0
2026-09-28,care_cluster,draft,2000,16,1,0
2026-09-28,care_cluster,draft,1400,16,0,0
2026-09-28,care_cluster,draft,1400,16,0,0
2026-09-28,care_cluster,draft,1400,16,0,0
2026-09-28,care_cluster,draft,1600,16,0,0
2026-09-28,care_cluster,draft,1600,16,0,0
2026-09-28,care_cluster,draft,1600,16,0,0
2026-09-28,care_cluster,draft,1600,16,0,0
2026-09-28,care_cluster,draft,1600,16,0,0
2026-09-28,care_cluster,draft,1600,16,0,0
2026-09-28,care_cluster,draft,1600,16,0,0
2026-09-28,care_cluster,final,2400,64,1,0
2026-09-28,care_cluster,final,2400,64,1,0
2026-09-28,care_cluster,final,2400,64,1,0
2026-09-28,care_cluster,final,2400,64,1,0
2026-09-28,care_cluster,patch,,,0,0
2026-09-28,v15_grey,draft,512,8,1,0
2026-09-28,v15_oblique,draft,2000,16,1,0
2026-09-28,v15_grey,draft,512,8,1,0
2026-09-28,v15_oblique,draft,2000,16,1,0
2026-09-28,butler_academy,draft,1600,16,0,0
2026-09-28,butler_academy,draft,1600,16,0,0
2026-09-28,butler_academy,draft,1600,16,0,0
2026-09-28,butler_academy,draft,1600,16,0,0
2026-09-28,butler_academy,final,2400,64,1,0
2026-09-28,butler_academy,final,2400,64,1,0
2026-09-28,butler_academy,final,2400,64,1,0
2026-09-28,butler_academy,patch,,,1,0
2026-09-28,starabyss_univ,draft,1600,16,0,0
2026-09-28,starabyss_univ,draft,1600,16,0,0
2026-09-28,starabyss_univ,draft,1600,16,0,0
2026-09-28,starabyss_univ,draft,1600,16,0,0
2026-09-28,starabyss_univ,draft,1600,16,0,0
2026-09-28,starabyss_univ,final,2400,64,1,0
2026-09-28,starabyss_univ,final,2400,64,1,0
2026-09-28,starabyss_univ,final,2400,64,1,0
2026-09-28,starabyss_univ,patch,,,0,0
2026-09-28,upper_v16_strip,draft,1200,8,0,0
2026-09-28,upper_v16_isle30,draft,900,12,0,0
2026-09-28,upper_v16_isle30,draft,900,12,0,0
2026-09-28,upper_v16_isle10,draft,900,12,0,0
2026-09-28,upper_v16_isle30,draft,900,12,0,0
2026-09-28,upper_v16_isle10,draft,900,12,0,0
2026-09-28,upper_v16_isle30,draft,900,12,0,0
2026-09-28,upper_v16_isle10,draft,900,12,0,0
2026-09-28,dbg,draft,800,6,0,0
2026-09-28,upper_v16_isle30,final,1600,64,1,0
2026-09-28,upper_v16_isle10,final,1600,64,1,0
2026-09-28,upper_v16_strip,final,2400,32,0,0
2026-09-28,upper_v16_isle30,final,1600,64,1,0
2026-09-28,upper_v16_isle10,final,1600,64,1,0
2026-09-28,upper_v16_strip,final,2400,32,0,0
2026-09-28,upper_v16_isle30,final,1600,64,1,0
2026-09-28,tiancheng_univ_court,draft,1600,16,0,0
2026-09-28,tiancheng_univ_court,draft,1600,16,0,0
2026-09-28,tiancheng_univ_court,draft,1600,16,0,0
2026-09-28,tiancheng_univ_court,draft,1600,16,0,0
2026-09-28,tiancheng_univ_court,final,2400,64,1,0
2026-09-28,tiancheng_univ_court,final,2400,64,1,0
2026-09-28,tiancheng_univ_court,final,2400,64,1,0
2026-09-28,tiancheng_univ_court,patch,,,0,0
2026-09-28,storm_hall,draft,1600,16,0,0
2026-09-28,storm_hall,draft,1600,16,0,0
2026-09-28,storm_hall,draft,1600,16,0,0
2026-09-28,storm_hall,final,2400,64,1,0
2026-09-28,storm_hall,final,2400,64,1,0
2026-09-28,storm_hall,final,2400,64,1,0
2026-09-28,storm_hall,patch,,,0,0
